name,time,MesType,body
mes0x3233,2023-04-14T18:04:38.024510206Z,0x3233,3a 33 32 2c 94 1a 00 00 04 00 09 34 dc 0f dc 0f dc 0f 3b 52 45 16 46 16 ec 4a 26 45 78 b9 17 43 2c 27 a3 2f ee 4b 1d ae 2b 46 27 d8 9b 45 00 9c 5d 39 64 01 30 c0 60 f6 fc
mes0x3233,2023-04-14T18:04:59.123580333Z,0x3233,3a 33 32 2c 94 1a 00 00 04 00 09 34 dc 0f dc 0f dc 0f 3b 52 45 16 46 16 f0 79 22 45 6e 3e 14 43 2c 27 2b 31 ee 4b 9c b1 2b 46 27 d8 9b 45 00 b1 5d 39 64 01 30 c0 61 f6 fc
mes0x3233,2023-04-14T18:05:29.839901829Z,0x3233,3a 33 32 2c 94 1a 00 00 04 00 09 34 dc 0f dc 0f dc 0f 3b 52 45 16 46 16 df 09 19 45 4b a0 0b 43 2c 27 53 33 ee 4b 4e b6 2b 46 27 d8 9b 45 00 cf 5d 39 64 01 30 c1 63 f6 fc
mes0x3233,2023-04-14T18:05:50.963485982Z,0x3233,3a 33 32 2c 94 1a 00 00 04 00 09 34 dc 0f dc 0f dc 0f 3b 52 45 16 45 16 3d 82 e8 44 5b 1a d4 42 2c 27 90 34 ee 4b 31 b9 2b 46 27 d8 9b 45 00 e5 5d 39 64 01 30 c1 66 f6 fc
mes0x3233,2023-04-14T18:06:21.671864398Z,0x3233,3a 33 32 2c 94 1a 00 00 04 00 09 34 dc 0f dc 0f dc 0f 3b 53 45 16 45 16 41 48 00 45 ae 0f ea 42 2d 27 4e 36 ee 4b 28 bd 2b 46 27 d8 9b 45 00 03 5e 39 64 01 30 c1 69 f6 fd
mes0x3233,2023-04-14T18:06:42.781059237Z,0x3233,3a 33 32 2c 94 1a 00 00 04 00 09 34 dc 0f dc 0f dc 0f 3b 53 45 16 45 16 93 63 e4 44 d5 57 d0 42 2d 27 75 37 ee 4b bf bf 2b 46 27 d8 9b 45 00 18 5e 39 64 01 30 c1 6a f6 fd
mes0x3233,2023-04-14T18:07:13.499409989Z,0x3233,3a 33 32 2c 94 1a 00 00 04 00 09 34 dc 0f dc 0f dc 0f 3b 53 45 16 45 16 1f cd db 44 55 84 c8 42 2d 27 f2 38 ee 4b 06 c3 2b 46 27 d8 9b 45 00 37 5e 39 64 01 30 c1 72 f6 fd
mes0x3233,2023-04-14T18:07:34.77311203Z,0x3233,3a 33 32 2c 94 1a 00 00 04 00 09 34 dc 0f dc 0f dc 0f 3b 53 45 16 45 16 08 96 e4 44 eb 88 d0 42 2d 27 fa 39 ee 4b 5a c5 2b 46 27 d8 9b 45 00 4c 5e 39 64 01 30 c1 72 f6 fd
mes0x3233,2023-04-14T18:08:05.478275023Z,0x3233,3a 33 32 2c 94 1a 00 00 04 00 09 34 dc 0f dc 0f dc 0f 3b 53 45 16 45 16 62 35 e2 44 05 5c ce 42 2e 27 68 3b ee 4b a9 c8 2b 46 27 d8 9b 45 00 6b 5e 39 64 01 30 c1 72 f6 fd
mes0x3233,2023-04-14T18:08:26.5962359Z,0x3233,3a 33 32 2c 94 1a 00 00 04 00 09 34 dc 0f dc 0f dc 0f 3b 53 45 16 45 16 7c 88 b8 44 05 54 a8 42 2e 27 67 3c ee 4b e7 ca 2b 46 27 d8 9b 45 00 80 5e 39 64 01 30 c1 74 f6 fd
mes0x3233,2023-04-14T18:08:57.126809979Z,0x3233,3a 33 32 2c 94 1a 00 00 04 00 09 34 dc 0f dc 0f dc 0f 3b 53 45 16 45 16 55 b6 a9 44 69 d0 9a 42 2e 27 ad 3d ee 4b ca cd 2b 46 27 d8 9b 45 00 9f 5e 39 64 01 30 c1 76 f6 fd
mes0x3233,2023-04-14T18:09:18.435806495Z,0x3233,3a 33 32 2c 94 1a 00 00 04 00 09 34 dc 0f dc 0f dc 0f 3b 53 45 16 45 16 f0 9b a6 44 8c fa 97 42 2e 27 78 3e ee 4b 7d cf 2b 46 27 d8 9b 45 00 b4 5e 39 64 01 30 c1 76 f6 fd
mes0x3233,2023-04-14T18:09:49.122643163Z,0x3233,3a 33 32 2c 94 1a 00 00 04 00 09 34 dc 0f dc 0f dc 0f 3b 53 45 17 49 16 15 37 b3 45 0f 9b a3 43 2f 27 d1 41 ee 4b e3 d6 2b 46 27 d8 9b 45 00 d3 5e 39 64 01 30 d5 79 f6 fd
mes0x3233,2023-04-14T18:10:10.407923055Z,0x3233,3a 33 32 2c 94 1a 00 00 04 00 09 34 dc 0f dc 0f dc 0f 3b 54 45 19 4a 16 0b e9 b2 45 70 59 a3 43 2f 27 24 45 ee 4b 7d de 2b 46 27 d8 9b 45 00 e8 5e 39 64 01 30 eb 85 f6 fd
